file,name
N:/Depts/Share/UK Alpha Team/Analytics/pair_icons/ABC1.pdf,ABC1
N:/Depts/Share/UK Alpha Team/Analytics/pair_icons/ABC11.pdf,ABC11
N:/Depts/Share/UK Alpha Team/Analytics/pair_icons/ABC23.pdf,ABC23
N:/Depts/Share/UK Alpha Team/Analytics/pair_icons/ABC24.pdf,ABC24
N:/Depts/Share/UK Alpha Team/Analytics/pair_icons/ABC27.pdf,ABC27
N:/Depts/Share/UK Alpha Team/Analytics/pair_icons/ABC28.pdf,ABC28
N:/Depts/Share/UK Alpha Team/Analytics/pair_icons/ABC29.pdf,ABC29
N:/Depts/Share/UK Alpha Team/Analytics/pair_icons/ABC32.pdf,ABC32
N:/Depts/Share/UK Alpha Team/Analytics/pair_icons/ABC33.pdf,ABC33
N:/Depts/Share/UK Alpha Team/Analytics/pair_icons/ABC34.pdf,ABC34
N:/Depts/Share/UK Alpha Team/Analytics/pair_icons/ABC35.pdf,ABC35
N:/Depts/Share/UK Alpha Team/Analytics/pair_icons/ABC36.pdf,ABC36
N:/Depts/Share/UK Alpha Team/Analytics/pair_icons/ABC5.pdf,ABC5
N:/Depts/Share/UK Alpha Team/Analytics/pair_icons/ABC6.pdf,ABC6
N:/Depts/Share/UK Alpha Team/Analytics/pair_icons/ABC7.pdf,ABC7
N:/Depts/Share/UK Alpha Team/Analytics/pair_icons/ABC8.pdf,ABC8
N:/Depts/Share/UK Alpha Team/Analytics/pair_icons/ABC9.pdf,ABC9
N:/Depts/Share/UK Alpha Team/Analytics/pair_icons/AC100.pdf,AC100
N:/Depts/Share/UK Alpha Team/Analytics/pair_icons/AC101.pdf,AC101
N:/Depts/Share/UK Alpha Team/Analytics/pair_icons/AC102.pdf,AC102
N:/Depts/Share/UK Alpha Team/Analytics/pair_icons/AC103.pdf,AC103
N:/Depts/Share/UK Alpha Team/Analytics/pair_icons/AC104.pdf,AC104
N:/Depts/Share/UK Alpha Team/Analytics/pair_icons/AC105.pdf,AC105
N:/Depts/Share/UK Alpha Team/Analytics/pair_icons/AC106.pdf,AC106
N:/Depts/Share/UK Alpha Team/Analytics/pair_icons/AC107.pdf,AC107
N:/Depts/Share/UK Alpha Team/Analytics/pair_icons/AC108.pdf,AC108
N:/Depts/Share/UK Alpha Team/Analytics/pair_icons/AC109.pdf,AC109
N:/Depts/Share/UK Alpha Team/Analytics/pair_icons/AC53.pdf,AC53
N:/Depts/Share/UK Alpha Team/Analytics/pair_icons/AC57.pdf,AC57
N:/Depts/Share/UK Alpha Team/Analytics/pair_icons/AC67.pdf,AC67
N:/Depts/Share/UK Alpha Team/Analytics/pair_icons/AC71.pdf,AC71
N:/Depts/Share/UK Alpha Team/Analytics/pair_icons/AC94.pdf,AC94
N:/Depts/Share/UK Alpha Team/Analytics/pair_icons/AC95.pdf,AC95
N:/Depts/Share/UK Alpha Team/Analytics/pair_icons/AC96.pdf,AC96
N:/Depts/Share/UK Alpha Team/Analytics/pair_icons/AC98.pdf,AC98
N:/Depts/Share/UK Alpha Team/Analytics/pair_icons/AC99.pdf,AC99
N:/Depts/Share/UK Alpha Team/Analytics/pair_icons/DH16.pdf,DH16
N:/Depts/Share/UK Alpha Team/Analytics/pair_icons/DH32.pdf,DH32
N:/Depts/Share/UK Alpha Team/Analytics/pair_icons/DH38.pdf,DH38
N:/Depts/Share/UK Alpha Team/Analytics/pair_icons/DH42.pdf,DH42
N:/Depts/Share/UK Alpha Team/Analytics/pair_icons/DH48.pdf,DH48
N:/Depts/Share/UK Alpha Team/Analytics/pair_icons/DH51.pdf,DH51
N:/Depts/Share/UK Alpha Team/Analytics/pair_icons/DH52.pdf,DH52
N:/Depts/Share/UK Alpha Team/Analytics/pair_icons/DH56.pdf,DH56
N:/Depts/Share/UK Alpha Team/Analytics/pair_icons/DH58.pdf,DH58
N:/Depts/Share/UK Alpha Team/Analytics/pair_icons/DH59.pdf,DH59
N:/Depts/Share/UK Alpha Team/Analytics/pair_icons/DH61.pdf,DH61
N:/Depts/Share/UK Alpha Team/Analytics/pair_icons/GJ13.pdf,GJ13
N:/Depts/Share/UK Alpha Team/Analytics/pair_icons/GJ15.pdf,GJ15
N:/Depts/Share/UK Alpha Team/Analytics/pair_icons/GJ16.pdf,GJ16
N:/Depts/Share/UK Alpha Team/Analytics/pair_icons/GJ17.pdf,GJ17
N:/Depts/Share/UK Alpha Team/Analytics/pair_icons/GJ18.pdf,GJ18
N:/Depts/Share/UK Alpha Team/Analytics/pair_icons/GJ19.pdf,GJ19
N:/Depts/Share/UK Alpha Team/Analytics/pair_icons/GJ22.pdf,GJ22
N:/Depts/Share/UK Alpha Team/Analytics/pair_icons/GJ4.pdf,GJ4
N:/Depts/Share/UK Alpha Team/Analytics/pair_icons/GJ7.pdf,GJ7
N:/Depts/Share/UK Alpha Team/Analytics/pair_icons/GJ9.pdf,GJ9
N:/Depts/Share/UK Alpha Team/Analytics/pair_icons/IB113.pdf,IB113
N:/Depts/Share/UK Alpha Team/Analytics/pair_icons/JR10.pdf,JR10
N:/Depts/Share/UK Alpha Team/Analytics/pair_icons/JR13.pdf,JR13
N:/Depts/Share/UK Alpha Team/Analytics/pair_icons/JR14.pdf,JR14
N:/Depts/Share/UK Alpha Team/Analytics/pair_icons/JR15.pdf,JR15
N:/Depts/Share/UK Alpha Team/Analytics/pair_icons/JR16.pdf,JR16
N:/Depts/Share/UK Alpha Team/Analytics/pair_icons/JR17.pdf,JR17
N:/Depts/Share/UK Alpha Team/Analytics/pair_icons/JR18.pdf,JR18
N:/Depts/Share/UK Alpha Team/Analytics/pair_icons/JR22.pdf,JR22
N:/Depts/Share/UK Alpha Team/Analytics/pair_icons/JR28.pdf,JR28
N:/Depts/Share/UK Alpha Team/Analytics/pair_icons/JR29.pdf,JR29
N:/Depts/Share/UK Alpha Team/Analytics/pair_icons/JR30.pdf,JR30
N:/Depts/Share/UK Alpha Team/Analytics/pair_icons/JR31.pdf,JR31
N:/Depts/Share/UK Alpha Team/Analytics/pair_icons/JR32.pdf,JR32
N:/Depts/Share/UK Alpha Team/Analytics/pair_icons/JR5.pdf,JR5
N:/Depts/Share/UK Alpha Team/Analytics/pair_icons/MC110.pdf,MC110
N:/Depts/Share/UK Alpha Team/Analytics/pair_icons/MC114.pdf,MC114
N:/Depts/Share/UK Alpha Team/Analytics/pair_icons/MC122.pdf,MC122
N:/Depts/Share/UK Alpha Team/Analytics/pair_icons/MC127.pdf,MC127
N:/Depts/Share/UK Alpha Team/Analytics/pair_icons/MC129.pdf,MC129
N:/Depts/Share/UK Alpha Team/Analytics/pair_icons/MC130.pdf,MC130
N:/Depts/Share/UK Alpha Team/Analytics/pair_icons/MC132.pdf,MC132
N:/Depts/Share/UK Alpha Team/Analytics/pair_icons/MC133.pdf,MC133
N:/Depts/Share/UK Alpha Team/Analytics/pair_icons/MC138.pdf,MC138
N:/Depts/Share/UK Alpha Team/Analytics/pair_icons/MC140.pdf,MC140
N:/Depts/Share/UK Alpha Team/Analytics/pair_icons/MC142.pdf,MC142
N:/Depts/Share/UK Alpha Team/Analytics/pair_icons/MC143.pdf,MC143
N:/Depts/Share/UK Alpha Team/Analytics/pair_icons/MC145.pdf,MC145
N:/Depts/Share/UK Alpha Team/Analytics/pair_icons/MC146.pdf,MC146
N:/Depts/Share/UK Alpha Team/Analytics/pair_icons/MC148.pdf,MC148
N:/Depts/Share/UK Alpha Team/Analytics/pair_icons/MC149.pdf,MC149
N:/Depts/Share/UK Alpha Team/Analytics/pair_icons/MC53.pdf,MC53
N:/Depts/Share/UK Alpha Team/Analytics/pair_icons/MC79.pdf,MC79
N:/Depts/Share/UK Alpha Team/Analytics/pair_icons/MC89.pdf,MC89
